src,size,preview,params...
03_loaders_v3,200x200,,artboard:"CircleLoader"
03_loaders_v3,200x200,,artboard:"EyeLoader",trigger:"Trigger 1"
03_loaders_v3,200x200,,artboard:"SpiralLoader"
03_loaders_v3,200x200,,artboard:"WaveLoader"
42_bannerparticlessandwide_v5,393x206,
01_NightDay_v9,393x852,,
08_StressLiquid_v2,375x812,,trigger:"Trigger 1",v_num:StressPercent(86:1-100)
08_SleepLines_v5,375x812,,trigger:"Trigger 1"
08_ExerciseBubbles_v4,500x812,,trigger:"Trigger 1"
08_Welcome_v3,375x812,,trigger:"Trigger 1"
08_LightRay_v2,375x812,,
09_sleeplake_widget_v6,196x186,,trigger:"Trigger 1",v_num:LakeSize(80:1-100),v_bol:NoAnimation
10_GodRay_Small2_v3,393x852,,trigger:"Trigger 1"
10_GodRay_Pack_p1_v2,393x852,,trigger:"Trigger 1",v_bol:Flip10_GodRay_Pack_p3_v4,393x852,,trigger:"Trigger 1",v_bol:Flip
12_flowerparticles_v4,300x300,,col:color1,col:color2,col:color3,col:color4,col:color5,col:color6
11_HeaderTextAnim_v5,393x393,375x720,trigger:"Trigger 1",txt:Text("Yesterdays workout demands met — your solid sleep gave you that boost.")
14_BatteryWidget_v6,196x187,,trigger:"Trigger 1",v_num:BatteryPercentFrom(10:1-100),v_num:BatteryPercentTo(80:1-100)
16_DragonCat_v3,500x500,,
16_dragoncateyes_v3,100x70,,trigger:"Trigger 1"
18_SleepWavesNew_v5,375x812,,trigger:"Trigger 1"
19_keyhole_v7,393x852,,trigger:"Trigger 1",img:MagicImage(MagicRiver.png)
21_activityhand_v2,375x812,,
23_stressfanplus_v5,375x812,375x812,
37_stresscalendar_v12,325x352,375x812,v_num:daysAmount(31:1-31),v_num:delay(40:0-100),txt:percentToData("60 80 65 99 31 10 5 78 60 45 87 39 50 10 98 76 65 12 32 76 88 55 38 1 54 23 34 5 8 78 21 55"),note:"Scripting"
24_energybyny_v9,375x812,375x812,txt:text1("Nov"),txt:text2("Dec"),txt:text3("2026"),txt:textReclaim("Reclaim your energy by spring")
25_plusesflight_v2,375x812,,txt:text
26_stressfanimpact_v4,375x812,,v_num:percent1(12:0-100),v_num:percent2(6:0-100)
29_plustuktuk_v2,375x812,,
30_starsfly_v5,393x852,,trigger:"Trigger 1"
30_starsflystack_v2,393x852,,trigger:"Trigger 1"
31_parametricparticles_v10,380x320,,v_num:numParticles(120:20-300)
contraTest_v5,375x812,
34_cometpluses2_v6,375x812,,v_bol:impact
35_scatterpluses_v4,375x812,
38_stressvessels_v3,375x584,375x812,note:"Scripting"
39_godraycomment_v6,393x430,,trigger:"Trigger 1",v_bol:flip
41_fatgraph_v3,375x812,
45_activityring_v4,393x620,,trigger:"start",v_num:goal(35:5-100),v_num:activeMinutes(66:5-90),v_num:size2mult(1.0:0.3-1.0)
crewmingle_1_start_v3,393x852,,txt:name("Andreas"),txt:shipName("AIDA Prima"),txt:dates("Nov 1 – Mar 28")
crewmingle_2_daysonboard_v5,393x852,,v_num:days(256:1-600),txt:shipName("Norwegian Epic")
crewmingle_3_seaportdays_v3,393x852,,v_num:seaDays(126:1-600),v_num:portDays(32:1-600)
crewmingle_4_achievements_v3,393x852,,v_num:illustrationIndex(3:1-22),txt:name("Marcos")
crewmingle_5_connections_v5,393x852,,v_num:friendsNum(27:1-160)
crewmingle_6_countries_v6,393x852,,v_num:countries(16:1-200),v_num:countriesNew(16:1-99),txt:codes("WS CA MX GB GR ES BS CH TV TZ UY"),txt:codesNew("AU CU JM HK MA TR US ZA TH WLS")
crewmingle_buttonwrapped_v4,460x140,,
52_tagfire_v4,393x300,393x596,txt:tag("[tag_name]"),note:"Scripting"
52_tagliquid_v3,393x300,393x596,txt:tag("[tag_name]"),note:"Scripting"
52_tagclouds_v4,393x300,393x596,txt:tag("[tag_name]")
04_EyeNew_v6,80x80,176x168,
53_insightcardclock_v4,393x300,393x596,v_num:hours(4:0-12),v_num:minutes(45:0-59),v_num:blueHourStart(4:0-12),v_num:blueHourEnd(8:0-12),v_num:redHourStart(0:0-12),v_num:redHourEnd(4:0-12),note:"Scripting"
58_mountain_v3,360x800,360x800,
59_paymentcomplete_v4,393x852,393x852,
06_GiftBox_v6,393x614,,trigger:"Trigger 1",txt:text1("25%"),txt:text2("discount for 24 hours")

